{
	"info": {
		"_postman_id": "15f1556f-a707-4b67-8841-4fafb0b10c31",
		"name": "Albums",
		"schema": "https://schema.getpostman.com/json/collection/v2.1.0/collection.json"
	},
	"item": [
		{
			"name": "Get All Albums",
			"request": {
				"method": "GET",
				"header": [],
				"url": {
					"raw": "{{baseUrl}}/{{endpoint}}",
					"host": [
						"{{baseUrl}}"
					],
					"path": [
						"{{endpoint}}"
					]
				}
			},
			"response": []
		},
		{
			"name": "Get One Album",
			"request": {
				"method": "GET",
				"header": [],
				"url": {
					"raw": "{{baseUrl}}/{{endpoint}}/:id",
					"host": [
						"{{baseUrl}}"
					],
					"path": [
						"{{endpoint}}",
						":id"
					],
					"variable": [
						{
							"key": "id",
							"value": "2"
						}
					]
				}
			},
			"response": []
		},
		{
			"name": "Create Album",
			"request": {
				"method": "POST",
				"header": [],
				"body": {
					"mode": "urlencoded",
					"urlencoded": [
						{
							"key": "title",
							"value": "Titre",
							"type": "text"
						},
						{
							"key": "year",
							"value": "2021",
							"type": "text"
						},
						{
							"key": "cover",
							"value": "blabla",
							"type": "text"
						},
						{
							"key": "artistId",
							"value": "2",
							"type": "text"
						}
					]
				},
				"url": {
					"raw": "{{baseUrl}}/{{endpoint}}",
					"host": [
						"{{baseUrl}}"
					],
					"path": [
						"{{endpoint}}"
					]
				}
			},
			"response": []
		},
		{
			"name": "Update Album",
			"request": {
				"method": "PATCH",
				"header": [],
				"body": {
					"mode": "urlencoded",
					"urlencoded": [
						{
							"key": "id",
							"value": "2",
							"type": "text"
						},
						{
							"key": "title",
							"value": "Titre",
							"type": "text"
						},
						{
							"key": "year",
							"value": "2021",
							"type": "text"
						},
						{
							"key": "cover",
							"value": "blab",
							"type": "text"
						},
						{
							"key": "artistId",
							"value": "2",
							"type": "text"
						}
					]
				},
				"url": {
					"raw": "{{baseUrl}}/{{endpoint}}",
					"host": [
						"{{baseUrl}}"
					],
					"path": [
						"{{endpoint}}"
					]
				}
			},
			"response": []
		},
		{
			"name": "Remove Album",
			"request": {
				"method": "DELETE",
				"header": [],
				"url": {
					"raw": "{{baseUrl}}/{{endpoint}}/:id",
					"host": [
						"{{baseUrl}}"
					],
					"path": [
						"{{endpoint}}",
						":id"
					],
					"variable": [
						{
							"key": "id",
							"value": "2"
						}
					]
				}
			},
			"response": []
		}
	],
	"event": [
		{
			"listen": "prerequest",
			"script": {
				"type": "text/javascript",
				"exec": [
					""
				]
			}
		},
		{
			"listen": "test",
			"script": {
				"type": "text/javascript",
				"exec": [
					""
				]
			}
		}
	],
	"variable": [
		{
			"id": "dbd163cf-930a-4b03-aeee-922f5a5f867f",
			"key": "endpoint",
			"value": "albums"
		}
	]
}