{
	"info": {
		"_postman_id": "2a157141-2fdc-47d9-9f04-695d7d189a2d",
		"name": "Artists",
		"schema": "https://schema.getpostman.com/json/collection/v2.1.0/collection.json"
	},
	"item": [
		{
			"name": "Get All Artists",
			"request": {
				"method": "GET",
				"header": [],
				"url": {
					"raw": "{{baseUrl}}/{{endpoint}}",
					"host": [
						"{{baseUrl}}"
					],
					"path": [
						"{{endpoint}}"
					]
				}
			},
			"response": []
		},
		{
			"name": "Find One Artist",
			"request": {
				"method": "GET",
				"header": [],
				"url": {
					"raw": "{{baseUrl}}/{{endpoint}}/:id",
					"host": [
						"{{baseUrl}}"
					],
					"path": [
						"{{endpoint}}",
						":id"
					],
					"variable": [
						{
							"key": "id",
							"value": "1"
						}
					]
				}
			},
			"response": []
		},
		{
			"name": "Create Artist",
			"request": {
				"method": "POST",
				"header": [],
				"body": {
					"mode": "urlencoded",
					"urlencoded": [
						{
							"key": "name",
							"value": "Ismail",
							"type": "text"
						},
						{
							"key": "isBand",
							"value": "false",
							"type": "text"
						}
					]
				},
				"url": {
					"raw": "{{baseUrl}}/{{endpoint}}",
					"host": [
						"{{baseUrl}}"
					],
					"path": [
						"{{endpoint}}"
					]
				}
			},
			"response": []
		},
		{
			"name": "Update Artist",
			"request": {
				"method": "PATCH",
				"header": [],
				"body": {
					"mode": "urlencoded",
					"urlencoded": [
						{
							"key": "id",
							"value": "1",
							"type": "text"
						},
						{
							"key": "name",
							"value": "Ismail",
							"type": "text"
						},
						{
							"key": "isBand",
							"value": "false",
							"type": "text"
						}
					]
				},
				"url": {
					"raw": "{{baseUrl}}/{{endpoint}}",
					"host": [
						"{{baseUrl}}"
					],
					"path": [
						"{{endpoint}}"
					]
				}
			},
			"response": []
		},
		{
			"name": "Remove Artist",
			"request": {
				"method": "DELETE",
				"header": [],
				"url": {
					"raw": "{{baseUrl}}/{{endpoint}}/:id",
					"host": [
						"{{baseUrl}}"
					],
					"path": [
						"{{endpoint}}",
						":id"
					],
					"variable": [
						{
							"key": "id",
							"value": "1"
						}
					]
				}
			},
			"response": []
		}
	],
	"event": [
		{
			"listen": "prerequest",
			"script": {
				"type": "text/javascript",
				"exec": [
					""
				]
			}
		},
		{
			"listen": "test",
			"script": {
				"type": "text/javascript",
				"exec": [
					""
				]
			}
		}
	],
	"variable": [
		{
			"id": "3580daf1-8bc5-408e-84e1-c0593219171b",
			"key": "endpoint",
			"value": "artists"
		}
	]
}