{
	"info": {
		"_postman_id": "38e18329-b924-43bc-8786-88f98d0b10ea",
		"name": "Auth",
		"schema": "https://schema.getpostman.com/json/collection/v2.1.0/collection.json"
	},
	"item": [
		{
			"name": "Login",
			"request": {
				"method": "POST",
				"header": [],
				"body": {
					"mode": "urlencoded",
					"urlencoded": [
						{
							"key": "email",
							"value": "ismail@koksal.fr",
							"type": "text"
						},
						{
							"key": "password",
							"value": "password",
							"type": "text"
						}
					]
				},
				"url": {
					"raw": "{{baseUrl}}/{{endpoint}}/login",
					"host": [
						"{{baseUrl}}"
					],
					"path": [
						"{{endpoint}}",
						"login"
					]
				}
			},
			"response": []
		},
		{
			"name": "Signup",
			"request": {
				"method": "POST",
				"header": [],
				"body": {
					"mode": "urlencoded",
					"urlencoded": [
						{
							"key": "email",
							"value": "ismail@koksal.fr",
							"type": "text"
						},
						{
							"key": "password",
							"value": "password",
							"type": "text"
						}
					]
				},
				"url": {
					"raw": "{{baseUrl}}/{{endpoint}}/signup",
					"host": [
						"{{baseUrl}}"
					],
					"path": [
						"{{endpoint}}",
						"signup"
					]
				}
			},
			"response": []
		}
	],
	"event": [
		{
			"listen": "prerequest",
			"script": {
				"type": "text/javascript",
				"exec": [
					""
				]
			}
		},
		{
			"listen": "test",
			"script": {
				"type": "text/javascript",
				"exec": [
					""
				]
			}
		}
	],
	"variable": [
		{
			"id": "86bf33dd-7f7b-43d7-9f65-7bbf3347f669",
			"key": "endpoint",
			"value": "auth"
		}
	]
}