{
	"info": {
		"_postman_id": "86156a58-67ed-416c-b6b7-0d7e175dfa2a",
		"name": "Songs",
		"schema": "https://schema.getpostman.com/json/collection/v2.1.0/collection.json"
	},
	"item": [
		{
			"name": "Get All Songs",
			"request": {
				"method": "GET",
				"header": [],
				"url": {
					"raw": "{{baseUrl}}/{{endpoint}}",
					"host": [
						"{{baseUrl}}"
					],
					"path": [
						"{{endpoint}}"
					]
				}
			},
			"response": []
		},
		{
			"name": "Get One Song",
			"request": {
				"method": "GET",
				"header": [],
				"url": {
					"raw": "{{baseUrl}}/{{endpoint}}/:id",
					"host": [
						"{{baseUrl}}"
					],
					"path": [
						"{{endpoint}}",
						":id"
					],
					"variable": [
						{
							"key": "id",
							"value": "1"
						}
					]
				}
			},
			"response": []
		},
		{
			"name": "Create Song",
			"request": {
				"method": "POST",
				"header": [],
				"body": {
					"mode": "urlencoded",
					"urlencoded": [
						{
							"key": "title",
							"value": "Song",
							"type": "text"
						},
						{
							"key": "duration",
							"value": "3",
							"type": "text"
						},
						{
							"key": "albumId",
							"value": "1",
							"type": "text"
						}
					]
				},
				"url": {
					"raw": "{{baseUrl}}/{{endpoint}}",
					"host": [
						"{{baseUrl}}"
					],
					"path": [
						"{{endpoint}}"
					]
				}
			},
			"response": []
		},
		{
			"name": "Update Song",
			"request": {
				"method": "PATCH",
				"header": [],
				"body": {
					"mode": "urlencoded",
					"urlencoded": [
						{
							"key": "id",
							"value": "1",
							"type": "text"
						},
						{
							"key": "title",
							"value": "Song",
							"type": "text"
						},
						{
							"key": "duration",
							"value": "4",
							"type": "text"
						},
						{
							"key": "albumId",
							"value": "1",
							"type": "text"
						}
					]
				},
				"url": {
					"raw": "{{baseUrl}}/{{endpoint}}",
					"host": [
						"{{baseUrl}}"
					],
					"path": [
						"{{endpoint}}"
					]
				}
			},
			"response": []
		},
		{
			"name": "Remove Song",
			"request": {
				"method": "DELETE",
				"header": [],
				"url": {
					"raw": "{{baseUrl}}/{{endpoint}}/:id",
					"host": [
						"{{baseUrl}}"
					],
					"path": [
						"{{endpoint}}",
						":id"
					],
					"variable": [
						{
							"key": "id",
							"value": "1"
						}
					]
				}
			},
			"response": []
		}
	],
	"event": [
		{
			"listen": "prerequest",
			"script": {
				"type": "text/javascript",
				"exec": [
					""
				]
			}
		},
		{
			"listen": "test",
			"script": {
				"type": "text/javascript",
				"exec": [
					""
				]
			}
		}
	],
	"variable": [
		{
			"id": "13b26a97-fd17-4e46-a990-318e90902b94",
			"key": "endpoint",
			"value": "songs"
		}
	]
}