{
	"info": {
		"_postman_id": "006d3160-3572-4a2b-9a0a-0372a1bf24e2",
		"name": "Users",
		"schema": "https://schema.getpostman.com/json/collection/v2.1.0/collection.json"
	},
	"item": [
		{
			"name": "Get All Users",
			"request": {
				"method": "GET",
				"header": [],
				"url": {
					"raw": "{{baseUrl}}/{{endpoint}}",
					"host": [
						"{{baseUrl}}"
					],
					"path": [
						"{{endpoint}}"
					]
				}
			},
			"response": []
		},
		{
			"name": "Get One User",
			"request": {
				"method": "GET",
				"header": [],
				"url": {
					"raw": "{{baseUrl}}/{{endpoint}}/:id",
					"host": [
						"{{baseUrl}}"
					],
					"path": [
						"{{endpoint}}",
						":id"
					],
					"variable": [
						{
							"key": "id",
							"value": "1"
						}
					]
				}
			},
			"response": []
		},
		{
			"name": "Update User",
			"request": {
				"method": "PATCH",
				"header": [],
				"body": {
					"mode": "urlencoded",
					"urlencoded": [
						{
							"key": "id",
							"value": "1",
							"type": "text"
						},
						{
							"key": "password",
							"value": "password",
							"type": "text"
						}
					]
				},
				"url": {
					"raw": "{{baseUrl}}/{{endpoint}}",
					"host": [
						"{{baseUrl}}"
					],
					"path": [
						"{{endpoint}}"
					]
				}
			},
			"response": []
		},
		{
			"name": "Remove User",
			"request": {
				"method": "DELETE",
				"header": [],
				"url": {
					"raw": "{{baseUrl}}/{{endpoint}}/:id",
					"host": [
						"{{baseUrl}}"
					],
					"path": [
						"{{endpoint}}",
						":id"
					],
					"variable": [
						{
							"key": "id",
							"value": "3"
						}
					]
				}
			},
			"response": []
		}
	],
	"event": [
		{
			"listen": "prerequest",
			"script": {
				"type": "text/javascript",
				"exec": [
					""
				]
			}
		},
		{
			"listen": "test",
			"script": {
				"type": "text/javascript",
				"exec": [
					""
				]
			}
		}
	],
	"variable": [
		{
			"id": "eca1fbe0-c47d-4137-a436-1c32ffa4fa79",
			"key": "endpoint",
			"value": "users"
		}
	]
}